comunidad_autonoma,provincia,clubes
comunidadvalenciana,valencia,a.c.almassera
andalucia,sevilla,a.c.d.entretorres
catalunya,girona,a.c.e.j.lajunquera
regiondemurcia,murcia,a.c.r.emp
cantabria,cantabria,a.campurriananatacion
cantabria,cantabria,a.cantabranat.
aragon,zaragoza,a.d.a.calatayud
cantabria,cantabria,a.d.alberdiproinca
andalucia,sevilla,a.d.aljarafexxi
andalucia,jaen,a.d.arjona
comunidadvalenciana,valencia,a.c.almassera
andalucia,sevilla,a.c.d.entretorres
catalunya,girona,a.c.e.j.lajunquera
regiondemurcia,murcia,a.c.r.emp
cantabria,cantabria,a.campurriananatacion
cantabria,cantabria,a.cantabranat.
aragon,zaragoza,a.d.a.calatayud
cantabria,cantabria,a.d.alberdiproinca
andalucia,sevilla,a.d.aljarafexxi
andalucia,jaen,a.d.arjona
castilla-lamancha,albacete,a.d.atlantida
castillayleon,leon,a.d.bierzoalto
comunidaddemadrid,madrid,a.d.c.lasmatas
castilla-lamancha,toledo,a.d.c.nara
andalucia,sevilla,a.d.castalla
andalucia,sevilla,a.d.d.y.a.
galicia,acoruña,a.d.fogar
castilla-lamancha,albacete,a.d.guacamayo
galicia,acoruña,a.d.inefgalicia
principadodeasturias,asturias,a.d.manuelllaneza
regiondemurcia,murcia,a.d.marmenor
regiondemurcia,murcia,a.d.municipalyecla
extremadura,caceres,a.d.n.caceres
andalucia,sevilla,a.d.n.mairenadelalcor
paisvasco,vizcaya,a.d.n.maristas
comunidaddemadrid,madrid,a.d.n.mostoles
galicia,acoruña,a.d.naut.denaron
andalucia,sevilla,a.d.nazarenaplat.
castillayleon,zamora,a.d.neptunozamora
aragon,huesca,a.d.perpetuosocorro
extremadura,caceres,a.d.plasencia96
aragon,huesca,a.d.ramonycajal
comunidaddemadrid,madrid,a.d.rivasnatacion
canarias,santacruzdetenerife,a.d.santacruz
catalunya,barcelona,a.d.sarria
comunidaddemadrid,madrid,a.d.sincroretiro
canarias,santacruzdetenerife,a.d.tensalus
galicia,acoruña,a.d.triatlonoleiros
extremadura,badajoz,a.d.triatlonpacense
comunidadforaldenavarra,navarra,a.d.u.n.a.
cantabria,cantabria,a.d.waterpolosantoña
aragon,zaragoza,a.d.waterpolozaragoza
aragon,huesca,a.d.zoiti89
castillayleon,leon,a.e.f.d.shotokan
catalunya,barcelona,a.e.n.jupitersantmarti
catalunya,barcelona,a.e.noubarris
catalunya,barcelona,a.e.santaeulalia
catalunya,barcelona,a.e.sincromataro
catalunya,barcelona,a.e.trinitatvella
castillayleon,salamanca,a.helmanticanat.
islasbaleares,baleares,a.masterbaleares
castillayleon,burgos,a.mirandesadenat.
andalucia,sevilla,a.n.andaluza2004
catalunya,barcelona,a.n.gramenet
andalucia,jaen,a.p.martos
galicia,acoruña,a.padresyamigos
comunidaddemadrid,madrid,a.r.concepcionciudadlineal
castilla-lamancha,toledo,a.r.losalcores
paisvasco,vizcaya,abadiñokoastolai.k.t.
comunidadvalenciana,valencia,acquasincroartisticaelpuig
castillayleon,valladolid,ad.barriovictoria
cantabria,cantabria,ad.n.bahiasantander
andalucia,cadiz,ad.puertosta.maria
,,ae.n.xtothomlleida
catalunya,barcelona,agr.e.cancaralleu
aragon,huesca,aironc.
paisvasco,alava,alava
andalucia,cordoba,albaida
catalunya,lleida,almacellesn.c.
paisvasco,guipuzcoa,aloñamendik.e.
principadodeasturias,asturias,amigosriadenavia
paisvasco,vizcaya,amorebieta-etxano
paisvasco,vizcaya,amorebieta-etxanowaterpolo
comunidadvalenciana,valencia,aquatichortanord
aragon,zaragoza,aragonmasterc.d.
comunidadforaldenavarra,navarra,ardoic.n.i.k.
aragon,zaragoza,arenass.d.
andalucia,cordoba,asoc.dep.debase
paisvasco,guipuzcoa,asoc.vet.guipuzcoa
extremadura,caceres,asociaciondeportivaacuatica
catalunya,tarragona,associacioesportivasincrovalfago
principadodeasturias,asturias,asturn.c.
catalunya,barcelona,ateneusantboia
paisvasco,guipuzcoa,atleticosansebastian
castilla-lamancha,ciudadreal,atleticotomellosonatacion
paisvasco,vizcaya,atxondoi.k.t.
catalunya,barcelona,b.atneumontserrat
andalucia,almeria,bahiadealmerian.c
paisvasco,guipuzcoa,barduliai.k.t.
catalunya,girona,besaluc.n.
islasbaleares,baleares,bestmediterranean
paisvasco,vizcaya,bilbaoaingeruakigeriketakluba
comunidadforaldenavarra,navarra,bisairesc.n.
paisvasco,vizcaya,bizkaia
paisvasco,guipuzcoa,buruntzaldeaikt
andalucia,malaga,c..d.tiburonblanco
regiondemurcia,murcia,c.a.a.alone
comunidadvalenciana,castellon,c.a.baixmaestrat
galicia,acoruña,c.a.n.d.oleiros
comunidadvalenciana,alicante,c.a.n.illadebenidorm
catalunya,barcelona,c.a.s.colomo-olimpo
paisvasco,guipuzcoa,c.a.sansebastian
catalunya,lleida,c.a.torresdesegre
castilla-lamancha,albacete,c.acuaticoalbacete
castillayleon,salamanca,c.acuaticosalamanca
castilla-lamancha,albacete,c.ademan
islasbaleares,baleares,c.aiguaesportarta
castilla-lamancha,albacete,c.al-basit
comunidaddemadrid,madrid,c.alamedadeosuna
islasbaleares,baleares,"c.amistatdeserveissocials,esportiusialajoventut"
catalunya,girona,"c.angles-farnes""laselva"""
comunidadvalenciana,castellon,c.aquaticcastello
comunidadvalenciana,alicante,c.aquaticdealicante
principadodeasturias,asturias,c.aquaticoavilessolras
catalunya,girona,c.aquaticxaloc
paisvasco,vizcaya,c.arkitze
paisvasco,vizcaya,c.askartza
andalucia,cordoba,c.asland
galicia,acoruña,c.asoc.coruñesadewat.
principadodeasturias,asturias,c.asturianooviedo
galicia,acoruña,c.atleticoarteixo
comunidadvalenciana,alicante,c.atleticonadir
aragon,huesca,c.atletismohuesca
catalunya,barcelona,c.b.bosco
canarias,santacruzdetenerife,c.b.dominicasvistabella
andalucia,almeria,c.b.rebote
andalucia,malaga,c.b.torredelmar
andalucia,cadiz,c.b.vicentetofiño
comunidaddemadrid,madrid,c.b.villanuevadelacañada
andalucia,sevilla,c.balonmanocoria
melilla,melilla,c.c.delosejercitos
paisvasco,vizcaya,c.c.s.bilbaina
cantabria,cantabria,c.calasanz
andalucia,granada,c.caminosdegranada
galicia,acoruña,c.campodeferrol
andalucia,jaen,c.campodejaen
andalucia,granada,c.cartuja
castilla-lamancha,albacete,c.ceman
aragon,zaragoza,c.cincovillas
regiondemurcia,murcia,c.costacalida
andalucia,granada,c.costatropical
castillayleon,zamora,c.d.a.d.zamora
castilla-lamancha,albacete,c.d.albaceteswim
castilla-lamancha,guadalajara,c.d.alcarreñodes.
catalunya,barcelona,c.d.alfa-5
comunidadforaldenavarra,navarra,c.d.amaya
castilla-lamancha,ciudadreal,c.d.aquadevaldepeñas
andalucia,sevilla,c.d.aquasalvamento
andalucia,malaga,c.d.aquaslava
andalucia,sevilla,c.d.aquatierra
castillayleon,burgos,c.d.arete
castilla-lamancha,ciudadreal,c.d.atenea
andalucia,sevilla,c.d.aznalcazar
comunidaddemadrid,madrid,c.d.b.villaviciosadeodon
canarias,laspalmas,c.d.belenmaria
larioja,larioja,c.d.berceo
paisvasco,vizcaya,c.d.bilbao
canarias,santacruzdetenerife,c.d.casadevenezuelaencanarias
andalucia,granada,c.d.clarin
comunidadvalenciana,alicante,c.d.colegioelvalle
castilla-lamancha,albacete,c.d.delfineshellin
canarias,santacruzdetenerife,c.d.denatacionerese
comunidaddemadrid,madrid,c.d.e.calipso
comunidaddemadrid,madrid,c.d.e.mako
comunidaddemadrid,madrid,c.d.e.malvar
comunidaddemadrid,madrid,c.d.e.natacionchiboi
castilla-lamancha,toledo,c.d.e.polid.quijote
comunidaddemadrid,madrid,c.d.e.sierradeguadarrama
andalucia,sevilla,c.d.elgiraldillo
comunidaddemadrid,madrid,c.d.elvalle
melilla,melilla,c.d.enriquesoler
andalucia,sevilla,c.d.epsilonsevilla
castilla-lamancha,ciudadreal,c.d.escuelanadadorestomelloso
comunidaddemadrid,madrid,c.d.espartaalcorcon
andalucia,sevilla,c.d.espartinas
paisvasco,guipuzcoa,c.d.fortuna
comunidaddemadrid,madrid,c.d.futsi
andalucia,sevilla,c.d.gines
andalucia,granada,c.d.granadanatacionmaster
catalunya,barcelona,c.d.granvia-mar
comunidaddemadrid,madrid,c.d.gredossandiego
andalucia,huelva,c.d.h2o
comunidaddemadrid,madrid,c.d.halegatos
canarias,laspalmas,c.d.herbania
larioja,larioja,c.d.hydra
andalucia,granada,c.d.inacuaantonioprieto
andalucia,cordoba,c.d.indea
paisvasco,vizcaya,"c.d.izarra,i.c."
andalucia,cadiz,c.d.jereznatacionmaster
canarias,laspalmas,c.d.jescagua
andalucia,cadiz,c.d.lamolinera
paisvasco,guipuzcoa,c.d.lasarte-oria
comunidadvalenciana,castellon,c.d.lledo
andalucia,granada,c.d.losalamosmotril
castilla-lamancha,guadalajara,c.d.m.guadalajara
andalucia,sevilla,c.d.m.sanfernando
andalucia,huelva,c.d.masterhuelva
andalucia,huelva,c.d.mastertartessos
canarias,santacruzdetenerife,c.d.mistral
catalunya,barcelona,c.d.moia
comunidadvalenciana,alicante,c.d.monovar
principadodeasturias,asturias,c.d.multideportesoviedo
andalucia,sevilla,c.d.n.arahal
canarias,santacruzdetenerife,c.d.n.bajalarga
canarias,santacruzdetenerife,c.d.n.bentacu-laguna
paisvasco,guipuzcoa,c.d.n.bidasoaxxi
andalucia,sevilla,c.d.n.cazalla
andalucia,cadiz,c.d.n.chiclana
galicia,acoruña,c.d.n.ciudaddesantiago
andalucia,cordoba,c.d.n.cordoba
andalucia,malaga,c.d.n.inacuamalaga
andalucia,almeria,c.d.n.macael
andalucia,sevilla,c.d.n.masterlosalcores
castillayleon,valladolid,c.d.n.mastervalladolid
paisvasco,vizcaya,c.d.n.meatzaldeadeabantoyzierbena
canarias,laspalmas,c.d.n.nadamaslasmarinas
,,c.d.n.palmadelrio
andalucia,malaga,c.d.n.puertodelatorre
castillayleon,leon,c.d.n.sanandres
castillayleon,zamora,c.d.n.sanjoseobrero
andalucia,cadiz,c.d.n.sanlucar
canarias,laspalmas,c.d.n.schamann
andalucia,cadiz,c.d.n.sincronizadaalgeciras
paisvasco,vizcaya,c.d.n.sincronizadasestao
comunidaddemadrid,madrid,c.d.n.torrejon
paisvasco,guipuzcoa,c.d.n.urpolozaleakdedonostia
andalucia,granada,c.d.n.valparaisodegranada
castillayleon,zamora,c.d.n.zamora
andalucia,jaen,c.d.natacion79
andalucia,jaen,c.d.natacionandujar
comunidaddemadrid,madrid,c.d.natacionboadilla
castillayleon,salamanca,c.d.natacioncalle4
andalucia,jaen,c.d.natacioncastulo
andalucia,almeria,c.d.natacionmaster
castillayleon,valladolid,c.d.natacionmedinense
canarias,santacruzdetenerife,c.d.natacionneptunya
comunidadforaldenavarra,navarra,c.d.noain
canarias,laspalmas,c.d.nonadamos
andalucia,malaga,c.d.novaschool
comunidadvalenciana,valencia,c.d.olimpicjativa
aragon,zaragoza,c.d.paraiso
castillayleon,valladolid,c.d.parquesol
principadodeasturias,asturias,c.d.pedromenendez
,,c.d.piratasteruel
andalucia,almeria,c.d.portosol
andalucia,sevilla,c.d.poseidon
castilla-lamancha,guadalajara,c.d.quabeartistica
andalucia,malaga,c.d.resist4
andalucia,cadiz,c.d.rotatiburones
andalucia,almeria,c.d.s.e.k.
andalucia,sevilla,c.d.sadus
comunidadforaldenavarra,navarra,c.d.sakanaigeriketataldea
comunidadvalenciana,valencia,c.d.salvamentonatacionsilla
regiondemurcia,murcia,c.d.santaana
catalunya,barcelona,c.d.santjoan
comunidaddemadrid,madrid,c.d.sek
principadodeasturias,asturias,c.d.siero-deporte
aragon,huesca,c.d.sincrobarbastro
canarias,laspalmas,c.d.sincrograncamar
islasbaleares,baleares,c.d.sincroibiza
comunidadvalenciana,alicante,c.d.stadioalicante
andalucia,granada,c.d.swimgranada
catalunya,barcelona,c.d.talamanca
comunidadvalenciana,castellon,c.d.teamevasionrunning
castillayleon,burgos,c.d.tizonaburgos
castillayleon,valladolid,c.d.torrelagowellness
castilla-lamancha,toledo,c.d.trampolin
,,c.d.trecus
,,c.d.triatlonalhaurindelatorre
andalucia,almeria,c.d.turaniana
andalucia,malaga,c.d.univ.demalaga
andalucia,almeria,c.d.universidaddealmeria
galicia,acoruña,c.d.universidaddesantiago
andalucia,jaen,c.d.universitario
andalucia,sevilla,c.d.utreraacuatica
comunidaddemadrid,madrid,c.d.vand´03
principadodeasturias,asturias,c.d.villadepravia
andalucia,sevilla,c.d.virgendereyes
comunidadforaldenavarra,navarra,c.d.waterpoloiruña9802
andalucia,malaga,c.d.waterpolomalaga
comunidadforaldenavarra,navarra,c.d.waterpolonavarra
comunidadvalenciana,valencia,c.d.waterpoloturia
andalucia,malaga,c.dehielobenalmadena
castilla-lamancha,toledo,c.dep.patosverdes
comunidadvalenciana,valencia,c.deportivoalquimia
andalucia,cadiz,c.deportivoipponraulcalvo
andalucia,malaga,c.derecho(waterpolo)
melilla,melilla,c.detiromosqueteros
catalunya,barcelona,c.drink
castillayleon,segovia,c.dtriatlonlacerta
andalucia,cadiz,c.dwaterpolosanlucar
catalunya,lleida,c.e.bellvis
islasbaleares,baleares,c.e.bucaner
catalunya,tarragona,c.e.dinamicsamposta
comunidadvalenciana,alicante,c.e.eldense
catalunya,barcelona,c.e.guardiaurbanadebarcelona
catalunya,lleida,c.e.inefdelleida
catalunya,barcelona,c.e.latosca
catalunya,barcelona,c.e.mediterrani
catalunya,lleida,c.e.n.balaguer
catalunya,barcelona,c.e.n.cabrerademar
catalunya,barcelona,c.e.n.casal
catalunya,barcelona,c.e.palauplegamans
catalunya,barcelona,c.e.panteresgrogues
catalunya,barcelona,c.e.picornell
islasbaleares,baleares,c.e.sincroinca
catalunya,tarragona,c.e.vendrell
andalucia,malaga,c.elcandado
extremadura,badajoz,c.elcorzo
andalucia,cadiz,c.elpicacho
comunidaddemadrid,madrid,c.encinasdeboadilla
catalunya,barcelona,c.escolapiossarria
andalucia,cordoba,c.escuderiaalba
principadodeasturias,asturias,c.escuelan.langreo
principadodeasturias,asturias,c.espartal
islasbaleares,baleares,c.esportsmasters
catalunya,lleida,c.esquivalld'aran
andalucia,granada,c.evicdeporte
andalucia,cordoba,c.figueroa
galicia,lugo,c.fluvialdelugo
extremadura,badajoz,c.fregenalsierra
andalucia,jaen,c.fuentedelrey
galicia,pontevedra,c.galaicosincro
andalucia,cordoba,c.gimnasticomedico
andalucia,cordoba,c.golflosvillares
castillayleon,leon,c.hispanico
comunidadforaldenavarra,navarra,c.huarte
paisvasco,alava,c.igeriketalaudio
andalucia,jaen,c.ignaciosafa
castillayleon,zamora,c.ins.dep.iberdrola
andalucia,granada,c.item
paisvasco,vizcaya,c.kai-eder(nat.)
paisvasco,vizcaya,c.landatxueta
melilla,melilla,c.lomamargaritas
extremadura,badajoz,c.lospatos
galicia,acoruña,c.m.i.clubdecampo
melilla,melilla,c.m.melilla
comunidaddemadrid,madrid,c.m.n.arganda
galicia,acoruña,c.marinedas.d.
paisvasco,vizcaya,c.martiartu
galicia,pontevedra,c.marvillagarcia
andalucia,sevilla,c.mediosacuaticos
islasbaleares,baleares,c.mediterranea
comunidadvalenciana,castellon,c.mediterranisincro
principadodeasturias,asturias,c.mejorasdelvalle
andalucia,sevilla,c.militardeportivo
catalunya,lleida,c.mirasan
extremadura,badajoz,c.n.a.pueblonuevo
castillayleon,avila,c.n.abulense
paisvasco,vizcaya,c.n.ademar
canarias,laspalmas,c.n.aguacan
regiondemurcia,murcia,c.n.aguilas
canarias,laspalmas,c.n.aguimayro
castilla-lamancha,ciudadreal,c.n.alarcosciudadreal
castilla-lamancha,albacete,c.n.albacete
comunidadvalenciana,castellon,c.n.albacora
galicia,acoruña,c.n.albatros
andalucia,sevilla,c.n.alcala
comunidaddemadrid,madrid,c.n.alcalah
catalunya,tarragona,c.n.alcanar
regiondemurcia,murcia,c.n.alcantarilla
castilla-lamancha,ciudadreal,c.n.alcazar
comunidaddemadrid,madrid,c.n.alcobendas
comunidadvalenciana,alicante,c.n.alcoi
comunidadvalenciana,alicante,c.n.alcoyano
comunidadvalenciana,alicante,c.n.alfailicitano
regiondemurcia,murcia,c.n.alhama
andalucia,granada,c.n.alhambra
andalucia,malaga,c.n.alhaurinelgrande
castilla-lamancha,albacete,c.n.almansa
catalunya,lleida,c.n.almenar
extremadura,badajoz,c.n.almendralejo
andalucia,almeria,c.n.almeria
andalucia,malaga,c.n.alora
aragon,huesca,c.n.altoaragon
catalunya,tarragona,c.n.amposta
paisvasco,alava,c.n.amurrio
andalucia,almeria,c.n.andaraz
islasbaleares,baleares,c.n.andratx
regiondemurcia,murcia,c.n.antartida
catalunya,tarragona,c.n.aquamasters
comunidadvalenciana,valencia,c.n.aquaticfuelsportvalencia
comunidaddemadrid,madrid,c.n.aranjuez
andalucia,granada,c.n.armilla
larioja,larioja,c.n.arnedo
paisvasco,guipuzcoa,c.n.arrasate
galicia,acoruña,c.n.arteixo
catalunya,barcelona,c.n.artes
catalunya,barcelona,c.n.artesadesegre
comunidadvalenciana,valencia,c.n.artisticaatlantis
comunidadvalenciana,alicante,c.n.artisticapswaterbenidorm
galicia,acoruña,c.n.arzua
comunidadvalenciana,alicante,c.n.aspe
galicia,acoruña,c.n.aspontes
cantabria,cantabria,c.n.astillero
principadodeasturias,asturias,c.n.astur-union
principadodeasturias,asturias,c.n.asturovi
comunidadvalenciana,valencia,c.n.atlanta
catalunya,barcelona,c.n.atletic-barceloneta
principadodeasturias,asturias,c.n.aviles
catalunya,barcelona,c.n.avinyo
andalucia,malaga,c.n.axarquia
comunidadvalenciana,castellon,c.n.azaharsincro
comunidadvalenciana,castellon,c.n.azaharvila-real
castilla-lamancha,ciudadreal,c.n.azuer
extremadura,badajoz,c.n.badajoz
catalunya,barcelona,c.n.badalona
catalunya,barcelona,c.n.badia
andalucia,cadiz,c.n.bahiadecadiz
cantabria,cantabria,c.n.bahiaostende
galicia,pontevedra,c.n.baixomiño
catalunya,barcelona,c.n.balsereny
catalunya,girona,c.n.banyoles
paisvasco,vizcaya,c.n.barakaldo
catalunya,barcelona,c.n.barcelona
paisvasco,vizcaya,c.n.basauri
regiondemurcia,murcia,c.n.begastri
andalucia,sevilla,c.n.bellavista
comunidadvalenciana,castellon,c.n.benicarlo
comunidadvalenciana,alicante,c.n.benidorm
comunidadvalenciana,valencia,c.n.benifayo
comunidadvalenciana,alicante,c.n.benissa
paisvasco,guipuzcoa,c.n.bergara
comunidadvalenciana,valencia,c.n.betera
castillayleon,leon,c.n.bierzo-ponferrada
catalunya,girona,c.n.blanes
galicia,acoruña,c.n.boiro
andalucia,sevilla,c.n.bormujos
castilla-lamancha,albacete,c.n.buceociudaddehellin
castillayleon,burgos,c.n.burgos
comunidadforaldenavarra,navarra,c.n.burlada
catalunya,lleida,c.n.butsenit
andalucia,almeria,c.n.c.frusol
andalucia,cadiz,c.n.caballa
ceuta,ceuta,c.n.caballa-ciudaddeceuta
extremadura,caceres,c.n.caceres
andalucia,cadiz,c.n.cadiz
catalunya,barcelona,c.n.caldes
catalunya,barcelona,c.n.calella
comunidadvalenciana,alicante,c.n.calpe
islasbaleares,baleares,c.n.calvia
cantabria,cantabria,c.n.camargo
andalucia,sevilla,c.n.camas
comunidadvalenciana,valencia,c.n.campdemorvedre
comunidadforaldenavarra,navarra,c.n.campoamor
catalunya,barcelona,c.n.capellades
catalunya,barcelona,c.n.cardedeuantic
andalucia,sevilla,c.n.carmona
regiondemurcia,murcia,c.n.cartagonovacartagena
canarias,laspalmas,c.n.carucagua
catalunya,barcelona,c.n.castellet
catalunya,girona,c.n.castellfollit
castilla-lamancha,toledo,c.n.castilla
castillayleon,burgos,c.n.castilla-burgos
castillayleon,zamora,c.n.castillazamora
catalunya,barcelona,c.n.catalunya
comunidadvalenciana,valencia,c.n.catarroja
galicia,acoruña,c.n.cedeira
catalunya,barcelona,c.n.centelles
galicia,acoruña,c.n.cerceda
catalunya,barcelona,c.n.cerdanyola
andalucia,malaga,c.n.cerradocalderon
catalunya,lleida,c.n.cervera
,,c.n.chafarinas(r.52)
extremadura,caceres,c.n.chinato
castilla-lamancha,albacete,c.n.chinchilla
comunidadvalenciana,valencia,c.n.chiva
canarias,laspalmas,c.n.chofaracay
andalucia,granada,c.n.churriana
canarias,laspalmas,c.n.ciudadalta
comunidaddemadrid,madrid,c.n.ciudaddealcorcon
principadodeasturias,asturias,c.n.ciudaddegijon
regiondemurcia,murcia,c.n.ciudaddemurcia
principadodeasturias,asturias,c.n.ciudaddeoviedo
islasbaleares,baleares,c.n.ciudadmallorca
castilla-lamancha,ciudadreal,c.n.ciudadreal
islasbaleares,baleares,c.n.ciutadella
islasbaleares,baleares,c.n.ciutatdepalma
comunidaddemadrid,madrid,c.n.colegiomirasur
comunidaddemadrid,madrid,c.n.colmenarviejo
andalucia,malaga,c.n.comarcaguadalhorce
galicia,acoruña,c.n.compostela
andalucia,cadiz,c.n.conil
aragon,zaragoza,c.n.corazonistas
extremadura,badajoz,c.n.coria
catalunya,barcelona,c.n.cornella
galicia,acoruña,c.n.coruña
comunidaddemadrid,madrid,c.n.coslada
castilla-lamancha,ciudadreal,c.n.criptanagigantes
comunidaddemadrid,madrid,c.n.cuatrocaminos
castilla-lamancha,cuenca,c.n.cuenca
galicia,acoruña,c.n.culleredo
comunidadvalenciana,valencia,c.n.delfin
castilla-lamancha,toledo,c.n.delfinesdeocaña
regiondemurcia,murcia,c.n.delsegura
comunidadvalenciana,alicante,c.n.denia
andalucia,cordoba,c.n.doñamencia
extremadura,badajoz,c.n.donbenitoacuarun
canarias,santacruzdetenerife,c.n.donbosco
castilla-lamancha,albacete,c.n.doncel
andalucia,sevilla,c.n.doshermanas
comunidadvalenciana,valencia,c.n.e.gandia
paisvasco,guipuzcoa,c.n.easo
paisvasco,guipuzcoa,c.n.easwinartisticaanoeta21
canarias,santacruzdetenerife,c.n.echeyde
islasbaleares,baleares,c.n.eivissa
andalucia,cordoba,c.n.elcarpio
comunidadvalenciana,alicante,c.n.elche
castilla-lamancha,toledo,c.n.elcisne
catalunya,barcelona,c.n.elmasnou
catalunya,barcelona,c.n.elpapiol
galicia,pontevedra,c.n.esalvamentoaestrada
galicia,lugo,c.n.escualos
catalunya,barcelona,c.n.esplugues
comunidadvalenciana,castellon,c.n.fanaticswimcastellon
islasbaleares,baleares,c.n.felanitx
comunidadvalenciana,valencia,c.n.fenixmanises
comunidadvalenciana,valencia,c.n.ferca-sanjose
galicia,acoruña,c.n.ferrol
catalunya,girona,c.n.figueres
andalucia,malaga,c.n.fuengirola
andalucia,malaga,c.n.fuengirola
comunidaddemadrid,madrid,c.n.fuenlabrada
regiondemurcia,murcia,c.n.fuentealamo
galicia,pontevedra,c.n.galaico
catalunya,barcelona,c.n.gava
paisvasco,vizcaya,c.n.gernika
catalunya,lleida,c.n.gimenells
catalunya,barcelona,c.n.gimn.raspall
castillayleon,valladolid,c.n.gimn.valladolid
andalucia,sevilla,c.n.gines
principadodeasturias,asturias,c.n.grado
andalucia,granada,c.n.granadaogijares
aragon,huesca,c.n.grañen
catalunya,barcelona,c.n.granollers
comunidadvalenciana,castellon,c.n.haliavila-real
andalucia,malaga,c.n.heliomar
aragon,zaragoza,c.n.helios
castilla-lamancha,ciudadreal,c.n.herencia
comunidadvalenciana,alicante,c.n.horadada
andalucia,huelva,c.n.huelva
paisvasco,guipuzcoa,c.n.igarondo
catalunya,barcelona,c.n.igualada
castillayleon,segovia,c.n.imd-ciudaddesegovia
islasbaleares,baleares,c.n.inca
principadodeasturias,asturias,c.n.indaes
andalucia,almeria,c.n.indaloalmeria
comunidadvalenciana,alicante,c.n.instituodeportivomonovar
melilla,melilla,c.n.instituto-queipo
larioja,larioja,c.n.iregua-villamediana
canarias,santacruzdetenerife,c.n.isoraswimguaju
paisvasco,guipuzcoa,c.n.izarraitz
aragon,zaragoza,c.n.izcuarte
aragon,huesca,c.n.j-10
andalucia,jaen,c.n.jaen
andalucia,jaen,c.n.jaen99
islasbaleares,baleares,c.n.jamma
comunidaddemadrid,madrid,c.n.jimenez
castillayleon,leon,c.n.jotaeme
paisvasco,alava,c.n.judizmendi
catalunya,barcelona,c.n.kallipolis
canarias,santacruzdetenerife,c.n.laalameda
andalucia,jaen,c.n.lacarolina
catalunya,lleida,c.n.laceta
extremadura,caceres,c.n.lacolina
comunidadvalenciana,valencia,c.n.lacostera
comunidaddemadrid,madrid,c.n.lalatina
galicia,pontevedra,c.n.lalin
comunidadvalenciana,castellon,c.n.lamarina
cantabria,cantabria,c.n.lapaz
extremadura,badajoz,c.n.lares
andalucia,sevilla,c.n.larinconada
melilla,melilla,c.n.lasalle-melilla
islasbaleares,baleares,c.n.lasalle-palma
principadodeasturias,asturias,c.n.lasanclascastrillon
canarias,laspalmas,c.n.lasescuevas
larioja,larioja,c.n.lasnorias
canarias,laspalmas,c.n.laspalmas
comunidadvalenciana,castellon,c.n.lavalld´uixo
comunidadvalenciana,castellon,c.n.lavallmond´aigua
comunidaddemadrid,madrid,c.n.leganes
paisvasco,guipuzcoa,c.n.legazpi
castillayleon,leon,c.n.leon
,,c.n.lepe
principadodeasturias,asturias,c.n.lescomadres
galicia,acoruña,c.n.liceo
andalucia,jaen,c.n.linares
andalucia,cadiz,c.n.linense
catalunya,lleida,c.n.lleida
comunidadvalenciana,valencia,c.n.lliria
catalunya,girona,c.n.lloret-canyelles
catalunya,girona,c.n.lloretdemar
islasbaleares,baleares,c.n.llucmajor
larioja,larioja,c.n.logroño
regiondemurcia,murcia,c.n.lorca
andalucia,cadiz,c.n.losangeles
andalucia,cadiz,c.n.losbarrios
canarias,santacruzdetenerife,c.n.loscristianos
andalucia,sevilla,c.n.lospalacios
castilla-lamancha,albacete,c.n.lostimones
principadodeasturias,asturias,c.n.luarca
andalucia,cordoba,c.n.lucena
galicia,lugo,c.n.lugo
principadodeasturias,asturias,c.n.lugones
comunidadvalenciana,alicante,c.n.luisasensi
comunidadvalenciana,valencia,c.n.l´alcudia
catalunya,barcelona,c.n.l´hospitalet
aragon,huesca,c.n.m.jaca
castilla-lamancha,toledo,c.n.madridejos
comunidaddemadrid,madrid,c.n.madridmoscardo
extremadura,badajoz,c.n.maimona
andalucia,sevilla,c.n.mairenaaljarafe
catalunya,barcelona,c.n.malgratdemar
catalunya,barcelona,c.n.manresa
castilla-lamancha,ciudadreal,c.n.manzanares
islasbaleares,baleares,c.n.mao
andalucia,malaga,c.n.marbella
comunidaddemadrid,madrid,c.n.marbellacarabanchel
andalucia,almeria,c.n.marenostrum
regiondemurcia,murcia,"c.n.marina-cartagena""ancora"""
regiondemurcia,murcia,c.n.marmenorsanjavier
catalunya,barcelona,c.n.martorell
catalunya,barcelona,c.n.masella
canarias,laspalmas,c.n.maspalomas
andalucia,cordoba,c.n.mastercordoba
andalucia,jaen,c.n.masterjaen
comunidaddemadrid,madrid,c.n.mastermadrid
galicia,pontevedra,c.n.mastermos
regiondemurcia,murcia,c.n.mastermurcia
comunidadvalenciana,alicante,c.n.masternaturalswimpetrer
regiondemurcia,murcia,c.n.mastersa.crol
catalunya,barcelona,c.n.mataro
cantabria,cantabria,c.n.mediocudeyo
comunidadvalenciana,valencia,c.n.mediterraneovalencia
comunidaddemadrid,madrid,c.n.mejorada2007
paisvasco,alava,c.n.menditxo
extremadura,badajoz,c.n.merida
canarias,laspalmas,c.n.metropole
catalunya,barcelona,c.n.metropolitan
andalucia,malaga,c.n.mijas
comunidaddemadrid,madrid,c.n.mirasierra
regiondemurcia,murcia,c.n.molina
catalunya,barcelona,c.n.molinsderei
comunidadvalenciana,valencia,c.n.moncada
castilla-lamancha,toledo,c.n.monteverde
andalucia,cordoba,c.n.montilla
catalunya,barcelona,c.n.montjuic
andalucia,cordoba,c.n.montoro
extremadura,caceres,c.n.moralo
castillayleon,valladolid,c.n.morelia
galicia,pontevedra,c.n.mos
regiondemurcia,murcia,c.n.murciasanjorge
larioja,larioja,c.n.nassica
catalunya,barcelona,c.n.navarcles
catalunya,barcelona,c.n.navas
andalucia,granada,c.n.nazari
catalunya,barcelona,c.n.neptuno
comunidadvalenciana,valencia,c.n.neptuno-l´alcudia
castilla-lamancha,albacete,c.n.neptunoalbacete
andalucia,cordoba,c.n.neptunodepozoblanco
galicia,acoruña,c.n.noia
comunidadvalenciana,alicante,c.n.novelda
catalunya,barcelona,c.n.o.lagarriga
castilla-lamancha,toledo,c.n.ocaña
castilla-lamancha,ciudadreal,c.n.olimpia
castillayleon,valladolid,c.n.olimpiada
extremadura,badajoz,c.n.olivenza
catalunya,girona,c.n.olot
comunidadvalenciana,valencia,c.n.olympicdombosconazaret
comunidadvalenciana,castellon,c.n.onda
catalunya,barcelona,c.n.ondina
aragon,zaragoza,c.n.ontinar
comunidadvalenciana,valencia,c.n.ontinyent
galicia,acoruña,c.n.ortigueira
principadodeasturias,asturias,c.n.ovimaster
galicia,ourense,c.n.pabellonourense
galicia,acoruña,c.n.padron
,,c.n.palamos
catalunya,barcelona,c.n.palau
castillayleon,palencia,c.n.palencia
andalucia,huelva,c.n.palos
comunidadforaldenavarra,navarra,c.n.pamplona
catalunya,barcelona,c.n.parets
extremadura,badajoz,c.n.peleño
comunidadvalenciana,alicante,c.n.petrer
comunidadvalenciana,valencia,c.n.picassent
regiondemurcia,murcia,c.n.pilarhoradada
comunidadvalenciana,alicante,c.n.piscinalanuciacamilocano
comunidadvalenciana,valencia,c.n.piscis-mislata
cantabria,cantabria,c.n.pistario
andalucia,huelva,c.n.palos
comunidadforaldenavarra,navarra,c.n.pamplona
catalunya,barcelona,c.n.parets
extremadura,badajoz,c.n.peleño
comunidadvalenciana,alicante,c.n.petrer
comunidadvalenciana,valencia,c.n.picassent
regiondemurcia,murcia,c.n.pilarhoradada
comunidadvalenciana,alicante,c.n.piscinalanuciacamilocano
comunidadvalenciana,valencia,c.n.piscis-mislata
cantabria,cantabria,c.n.pistario
andalucia,malaga,c.n.pizarra
extremadura,caceres,c.n.plasencia
canarias,santacruzdetenerife,c.n.plataforma3oceano
cantabria,cantabria,c.n.playasalve
catalunya,barcelona,c.n.pobla
catalunya,barcelona,c.n.poblenou
castillayleon,leon,c.n.ponferrada
andalucia,almeria,c.n.poniente-vicar
galicia,pontevedra,c.n.ponteareas
galicia,pontevedra,c.n.pontevedra
galicia,lugo,c.n.portamiñalugo
andalucia,almeria,c.n.portocarrero
andalucia,cadiz,c.n.portuense
islasbaleares,baleares,c.n.portus
andalucia,cordoba,c.n.pozoblanco
comunidaddemadrid,madrid,c.n.pozuelo
catalunya,barcelona,c.n.pratllobregat
catalunya,barcelona,c.n.premia
extremadura,badajoz,c.n.proserpina
castilla-lamancha,ciudadreal,c.n.puertollano
regiondemurcia,murcia,c.n.puertolumbreras
andalucia,cadiz,c.n.puertoreal
comunidadvalenciana,valencia,c.n.quartdepoblet
castilla-lamancha,toledo,c.n.quinaqua
castilla-lamancha,toledo,c.n.quintanar
principadodeasturias,asturias,c.n.ra
andalucia,almeria,c.n.rana
comunidadvalenciana,alicante,c.n.raspeig
canarias,santacruzdetenerife,c.n.reales
galicia,pontevedra,c.n.redondela
catalunya,tarragona,c.n.reusploms
galicia,pontevedra,c.n.riasbaixas
castillayleon,valladolid,c.n.riavall
comunidadvalenciana,valencia,c.n.riba-roja
catalunya,girona,c.n.riembaup.d´aro
catalunya,barcelona,c.n.ripollet
catalunya,barcelona,c.n.riudevitlles
galicia,acoruña,c.n.riveira
andalucia,cordoba,c.n.riviera
galicia,pontevedra,c.n.romil
catalunya,tarragona,c.n.reusploms
galicia,pontevedra,c.n.riasbaixas
castillayleon,valladolid,c.n.riavall
comunidadvalenciana,valencia,c.n.riba-roja
catalunya,girona,c.n.riembaup.d´aro
catalunya,barcelona,c.n.ripollet
catalunya,barcelona,c.n.riudevitlles
galicia,acoruña,c.n.riveira
andalucia,cordoba,c.n.riviera
galicia,pontevedra,c.n.romil
andalucia,almeria,c.n.roquetas
catalunya,barcelona,c.n.rubi
andalucia,cordoba,c.n.rute
castillayleon,valladolid,c.n.s.fabionelli
castilla-lamancha,toledo,c.n.s.oriolimperial
catalunya,barcelona,c.n.sabadell
aragon,huesca,c.n.sabiñanigo
comunidadvalenciana,valencia,c.n.saguntomorvedremaster
castillayleon,salamanca,c.n.salamanca
catalunya,barcelona,c.n.sallent
galicia,pontevedra,c.n.salnes
catalunya,tarragona,c.n.salou
andalucia,sevilla,c.n.salv.nuevasavia
castilla-lamancha,toledo,c.n.salvamentoysocorrismoconsuegra
comunidadvalenciana,valencia,c.n.samaruc
comunidaddemadrid,madrid,c.n.sanblas
catalunya,tarragona,c.n.sancarlos
melilla,melilla,c.n.sanfernando
andalucia,cadiz,c.n.sanfernando
comunidaddemadrid,madrid,c.n.sanfernandodehenares
catalunya,barcelona,c.n.sanfost
galicia,pontevedra,c.n.sangenjo
aragon,zaragoza,c.n.sangregorio
regiondemurcia,murcia,c.n.sanjaviermarmenor
comunidadvalenciana,alicante,c.n.sanjuan
comunidaddemadrid,madrid,c.n.sanlorenzodeelescorial
cantabria,cantabria,c.n.sanmartin
principadodeasturias,asturias,c.n.sanmartindelreyaurelio
andalucia,cadiz,c.n.sanroque
aragon,zaragoza,c.n.sanroque
,,c.n.santabarbara
catalunya,barcelona,c.n.santadria
cantabria,cantabria,c.n.santander
catalunya,barcelona,c.n.santandreu
catalunya,barcelona,c.n.santantontremp
principadodeasturias,asturias,c.n.santaolaya
catalunya,barcelona,c.n.santaperpetua
catalunya,barcelona,c.n.santboi
catalunya,barcelona,c.n.santfeliu
catalunya,barcelona,c.n.santfruitos
galicia,acoruña,c.n.santiago
andalucia,jaen,c.n.santoreino
catalunya,barcelona,c.n.santpedor
catalunya,barcelona,c.n.santsadurni
paisvasco,vizcaya,c.n.santurtzi
comunidadvalenciana,alicante,c.n.sanvicente
galicia,pontevedra,c.n.sanxenxo
andalucia,sevilla,c.n.sevilla
andalucia,granada,c.n.sierranevada
comunidaddemadrid,madrid,c.n.sierraoeste
andalucia,jaen,c.n.sierrasur
galicia,acoruña,c.n.sinc.montrove
principadodeasturias,asturias,c.n.sincroastur
castilla-lamancha,albacete,c.n.sincronizadaalbacete
comunidadvalenciana,alicante,c.n.sincronizadacostablanca
comunidadvalenciana,valencia,c.n.sincronizadamorvedresagunto
galicia,ourense,c.n.sincronizadaourense
comunidadvalenciana,alicante,c.n.sincronizadaphoenix
galicia,pontevedra,c.n.sincronizadapontevedra
galicia,pontevedra,c.n.sincronizadariasbaixasvigo
andalucia,sevilla,c.n.sincrosevilla
principadodeasturias,asturias,c.n.sincroviedo
catalunya,barcelona,c.n.sitges
castillayleon,soria,c.n.soriano
catalunya,barcelona,c.n.spartansharks
islasbaleares,baleares,c.n.sta.eulaliario
comunidadvalenciana,valencia,c.n.sueca
paisvasco,vizcaya,c.n.tabira
andalucia,cadiz,c.n.tarifa
catalunya,tarragona,c.n.tarraco
catalunya,lleida,c.n.tarrega
canarias,santacruzdetenerife,c.n.teneteide
comunidadvalenciana,alicante,c.n.teniselche
,,c.n.tercio
catalunya,barcelona,c.n.terrassa
aragon,teruel,c.n.teruel
castilla-lamancha,toledo,c.n.toledo
castilla-lamancha,ciudadreal,c.n.tomelloso
castillayleon,salamanca,c.n.tormes
catalunya,lleida,c.n.tornabous
cantabria,cantabria,c.n.torrelavega
andalucia,malaga,c.n.torremolinos
comunidadvalenciana,alicante,c.n.torrevieja
castilla-lamancha,toledo,c.n.torrijos
catalunya,tarragona,c.n.tortosa
comunidadvalenciana,alicante,c.n.tossal-alicante
islasbaleares,baleares,c.n.tramuntana
comunidadvalenciana,valencia,c.n.trencaonesalzira
comunidaddemadrid,madrid,c.n.trescantos
castillayleon,leon,c.n.tritonbierzo
extremadura,caceres,c.n.trujillo
comunidadvalenciana,valencia,c.n.turis
andalucia,cadiz,c.n.ubrique
galicia,pontevedra,c.n.umia
andalucia,sevilla,c.n.unionrinconada
paisvasco,alava,c.n.urgain
andalucia,cadiz,c.n.urta
comunidadvalenciana,valencia,c.n.utiel
andalucia,sevilla,c.n.utrera
castillayleon,valladolid,c.n.v.elrefugio
castilla-lamancha,ciudadreal,c.n.valdepeñas
comunidadvalenciana,valencia,c.n.valenciamasterssedavi
comunidadforaldenavarra,navarra,c.n.valledearanguren
comunidaddemadrid,madrid,c.n.valledelkas
principadodeasturias,asturias,c.n.vallenalon
canarias,laspalmas,c.n.valleverde
catalunya,barcelona,c.n.vallirana
comunidaddemadrid,madrid,c.n.vallmont
catalunya,tarragona,c.n.vendrell
catalunya,barcelona,c.n.vic-etb
galicia,pontevedra,c.n.vigo
comunidadvalenciana,castellon,c.n.vila-real
catalunya,tarragona,c.n.vila-seca
catalunya,barcelona,c.n.viladecans
catalunya,barcelona,c.n.vilafranca
catalunya,barcelona,c.n.vilanova
canarias,laspalmas,c.n.villadeagüimes20cnva16
principadodeasturias,asturias,c.n.villadenavia
regiondemurcia,murcia,c.n.villadetorrepacheco
andalucia,cordoba,c.n.villafrancac.
comunidaddemadrid,madrid,c.n.villalba
comunidaddemadrid,madrid,c.n.villanuevadelacañada
andalucia,cordoba,c.n.villarrense
castilla-lamancha,albacete,c.n.villarrobledo
comunidadvalenciana,alicante,c.n.villenaaltovinalopo
comunidadvalenciana,castellon,c.n.vinaros
islasbaleares,baleares,c.n.voltorbalear
canarias,laspalmas,c.n.vulcaniamaster
comunidadvalenciana,valencia,c.n.w.diverswin
comunidaddemadrid,madrid,c.n.w.majadahonda
comunidadvalenciana,valencia,c.n.xativa
comunidadvalenciana,valencia,c.n.xirivella
galicia,lugo,c.n.xove
comunidadvalenciana,valencia,c.n.xuquer
regiondemurcia,murcia,c.n.yecla
paisvasco,alava,c.n.zadorra
extremadura,badajoz,c.n.zafra
castillayleon,zamora,c.n.zamora
aragon,zaragoza,c.n.zaragoza89
aragon,zaragoza,c.n.zaragozacentro
paisvasco,guipuzcoa,c.n.zubi-aurre
aragon,zaragoza,c.n.zuera
catalunya,barcelona,c.natacion81
cantabria,cantabria,c.nauticodelaredo
catalunya,girona,c.nauticoestartit
aragon,huesca,c.nauticogradense
castillayleon,burgos,c.nauticomirandes
andalucia,sevilla,c.nauticosevilla
catalunya,tarragona,c.nauticotarragona
galicia,pontevedra,c.navalpontevedra
andalucia,cadiz,c.nazaret
andalucia,cordoba,c.neptunodecordoba
catalunya,barcelona,c.npiera2012
catalunya,girona,c.o.farners
extremadura,badajoz,c.olivalafrontera
andalucia,sevilla,c.p.a.a.mairenaaljarafe
castilla-lamancha,albacete,c.p.albaceten.
andalucia,jaen,c.p.alcaudete
andalucia,jaen,c.p.beasdesegura
regiondemurcia,murcia,c.p.bullas
andalucia,cadiz,c.nazaret
andalucia,cordoba,c.neptunodecordoba
catalunya,barcelona,c.npiera2012
catalunya,girona,c.o.farners
extremadura,badajoz,c.olivalafrontera
andalucia,sevilla,c.p.a.a.mairenaaljarafe
castilla-lamancha,albacete,c.p.albaceten.
andalucia,jaen,c.p.alcaudete
andalucia,jaen,c.p.beasdesegura
regiondemurcia,murcia,c.p.bullas
comunidaddemadrid,madrid,c.p.c.s.somontano
andalucia,cadiz,c.p.cadiz
catalunya,girona,c.p.d.abadessenc
aragon,huesca,c.p.eltemple
catalunya,girona,c.p.flassa
aragon,huesca,c.p.fraga
andalucia,granada,c.p.granada74
andalucia,huelva,c.p.huelva
larioja,larioja,c.p.j.calahorra
castilla-lamancha,albacete,c.p.laroda
andalucia,malaga,c.p.nerja
catalunya,girona,c.p.puigcerda
castilla-lamancha,albacete,c.p.record
canarias,laspalmas,c.p.santamªdeguia
catalunya,girona,c.p.santjoanenc
aragon,huesca,c.p.sariñena
comunidadvalenciana,alicante,c.padelarenaalicante
catalunya,lleida,c.palaud'anglesola
andalucia,granada,c.pamesademotril
cantabria,cantabria,c.parayass.d.
catalunya,barcelona,c.patin-vic
castillayleon,leon,c.peñalba
melilla,melilla,c.pentatlonmelilla
galicia,acoruña,c.pescaelpuntal(probas)
andalucia,sevilla,c.pinedadesevilla
andalucia,malaga,c.pinosdellimonar
galicia,acoruña,c.poloacuatico
regiondemurcia,murcia,c.quintadelorca
catalunya,barcelona,c.ramonllull
catalunya,girona,c.ripolle.s.
islasbaleares,baleares,c.s.d´inca
castilla-lamancha,albacete,c.s.p.losllanos
andalucia,sevilla,c.salaslarrazabal
islasbaleares,baleares,c.saltosmallorca
andalucia,malaga,c.sanestanislao
extremadura,badajoz,c.sanmarcos
andalucia,jaen,c.santanadelinares
andalucia,cordoba,c.santuario
regiondemurcia,murcia,c.sincroalhama
islasbaleares,baleares,c.sincroandratx
comunidadvalenciana,valencia,c.sincrolamurterachristeyns
paisvasco,vizcaya,c.sincrourbarrideetxebarri
comunidadvalenciana,valencia,c.sirenascatarroja
catalunya,girona,c.squashblanes
castilla-lamancha,cuenca,c.t.hocesdecuenca
comunidadforaldenavarra,navarra,c.tafalles
canarias,santacruzdetenerife,c.tenerifemasters
catalunya,barcelona,c.tenisbadalona
catalunya,barcelona,c.tenisbarcino
,,c.teniscabezarubia
comunidaddemadrid,madrid,c.tenischamartin
galicia,pontevedra,c.teniscodesal
castilla-lamancha,cuenca,c.teniscuenca
castillayleon,segovia,c.tenisjuanbravo
catalunya,lleida,c.tenislleida
regiondemurcia,murcia,c.tenismurcia
comunidadforaldenavarra,navarra,c.tenispamplona
castillayleon,leon,c.tenisponferrada
catalunya,barcelona,c.tenisvic
catalunya,barcelona,c.tenisvilafranca
extremadura,badajoz,c.tenisvillanueva
aragon,huesca,c.torrentedecinca
galicia,pontevedra,c.traviesasnat.
castilla-lamancha,albacete,c.triatlonalbacete
galicia,acoruña,c.triatloncoruña
andalucia,sevilla,c.u.oceano
galicia,acoruña,c.usc
comunidadvalenciana,valencia,c.valenciano
andalucia,cordoba,c.villanuevacordoba
galicia,acoruña,c.w.cambre
comunidadvalenciana,castellon,c.w.castello
galicia,acoruña,c.w.coruñariasaltas
comunidadvalenciana,valencia,c.w.diverswin
andalucia,sevilla,c.w.doshermanas
galicia,lugo,c.w.lugo
castillayleon,burgos,c.w.p.castellae
castilla-lamancha,toledo,c.w.poseidon
galicia,pontevedra,c.w.redondela
castillayleon,burgos,c.w.riopico
comunidadvalenciana,valencia,c.w.sanantoniodebenageber
canarias,santacruzdetenerife,c.w.santaursula
galicia,acoruña,c.w.santiago
andalucia,sevilla,c.w.tomares
galicia,ourense,c.wat.pabellonourense
galicia,pontevedra,c.wat.pontevedra
regiondemurcia,murcia,c.waterpolo1990
castilla-lamancha,albacete,c.waterpoloalbacete
andalucia,cadiz,c.waterpoloalgeciras
islasbaleares,baleares,c.waterpolobalear
aragon,zaragoza,c.waterpolobrilan
comunidaddemadrid,madrid,c.waterpolociudadderivas
galicia,acoruña,c.waterpolocoruña
comunidadvalenciana,valencia,c.waterpoloe.m.t.
comunidadvalenciana,valencia,c.waterpololevanteupv
andalucia,sevilla,c.waterpololospalacios
castilla-lamancha,toledo,c.waterpolomadridejos
andalucia,malaga,c.waterpolomarbella
andalucia,granada,c.waterpolomotril
galicia,acoruña,c.waterpolopadron
comunidadvalenciana,alicante,c.waterpolopetrer
comunidadvalenciana,alicante,c.waterpolosax
andalucia,sevilla,c.waterpolosevilla
castilla-lamancha,ciudadreal,c.waterpolovaldepeñas
castillayleon,zamora,c.waterpolozamora
comunidadvalenciana,valencia,c.wp.burjassot
canarias,santacruzdetenerife,c.wp.eriduycurtin
catalunya,barcelona,c.wp.santadria
catalunya,barcelona,c.wp.univ.autonoma
comunidadforaldenavarra,navarra,c.zizur
catalunya,tarragona,cambrilsc.n.
comunidadforaldenavarra,navarra,campodedeporteslarraina
galicia,acoruña,casinodelacoruña
comunidadvalenciana,alicante,cd.españolsanvcte.
comunidadvalenciana,alicante,cd.maristasalicante
comunidadvalenciana,valencia,cd.un.polit.valencia
castillayleon,leon,cdacuaticoleon
comunidaddemadrid,madrid,cdbnatacionswimtonic
cantabria,cantabria,cdecastronat.
castillayleon,valladolid,cdupstream
,,cdwpurgaratxingudi
paisvasco,vizcaya,cdwtrudgeonsestao
regiondemurcia,murcia,centurionclubtriatloncaravaca
andalucia,sevilla,circulomercantil
comunidadvalenciana,alicante,clubaqualandia
comunidaddemadrid,madrid,clubaquamadsincro
comunidaddemadrid,madrid,clubarriacensenatacion
comunidadvalenciana,alicante,clubatleticomontemar
andalucia,jaen,clubbaloncestocazorla
castillayleon,zamora,clubbenaventenatacion
islasbaleares,baleares,clubcampusesport
,,clubdeatletismotragaleguas
galicia,acoruña,clubdelmar
comunidaddemadrid,madrid,clubdeportivobasicobis
canarias,laspalmas,clubdeportivocaima
andalucia,sevilla,clubdeportivoestrelladelmar
canarias,santacruzdetenerife,clubdeportivomidayutenerife
comunidadvalenciana,castellon,clubdeportivonadoscastellon
comunidadvalenciana,valencia,clubdeportivonatacionaldaia
andalucia,almeria,clubdeportivonatacionciudaddeadra
andalucia,malaga,clubdeportivonatacionronda
canarias,laspalmas,clubdeportivonatacionsacoa
canarias,laspalmas,clubdeportivopingüinosdearrecife
canarias,laspalmas,clubdeportivoraguosdemaspalomas
comunidadvalenciana,alicante,clubdeportivosociedadtirodepichon
canarias,laspalmas,clubdeportivoswim&trainmaspalomas
,,clubdeportivoswimtechleon
canarias,santacruzdetenerife,clubdeportivoteimar
andalucia,cadiz,clubdeportivowaterpolochiclana
andalucia,cadiz,clubdeportivowaterpolojerez
regiondemurcia,murcia,clubdeportivowaterpolothader
catalunya,barcelona,clubesportiuagoramasiabach
catalunya,barcelona,clubesportiubergaresort
catalunya,barcelona,clubesportiueuropasportscentre
andalucia,cordoba,clubfidiasnatacionintegral
islasbaleares,baleares,clubgimnasilles
galicia,acoruña,clubherculestermaria
comunidadvalenciana,alicante,clubilicitanotriatlon
regiondemurcia,murcia,clubkoryotorrepacheco
catalunya,barcelona,clubnagi
melilla,melilla,clubnat.melilla
comunidadvalenciana,alicante,clubnatacioaltea
catalunya,tarragona,clubnataciofanecadaalcanar
catalunya,girona,clubnataciofarners
catalunya,barcelona,clubnataciolesfranqueses
catalunya,girona,clubnataciolloretdemar
islasbaleares,baleares,clubnataciomuro
,,clubnatacionacuaticomorvedresagunto
canarias,santacruzdetenerife,clubnatacionademi-tenerife
comunidadvalenciana,alicante,clubnatacionalfatorrevieja
regiondemurcia,murcia,clubnatacionalkazar
castillayleon,leon,clubnatacionastorga
andalucia,cordoba,clubnatacionbaena
comunidadvalenciana,valencia,clubnatacionbarracudastorrent
comunidadvalenciana,alicante,clubnatacionc.m.d.horadada
castillayleon,valladolid,clubnatacioncampo
castillayleon,avila,clubnatacionciudaddeavila
andalucia,malaga,clubnatacioncoin
andalucia,huelva,clubnatacioncolombino
castilla-lamancha,ciudadreal,clubnataciondaimiel
comunidadvalenciana,alicante,clubnatacionelda
andalucia,malaga,clubnatacionestepona
andalucia,granada,clubnatacionlasgabias
regiondemurcia,murcia,clubnatacionmasteraguilas
castillayleon,leon,clubnatacionmasterleon
paisvasco,vizcaya,clubnatacionmungia
canarias,laspalmas,clubnatacionochodeseptiembre
comunidadvalenciana,valencia,clubnatacionpatacona
andalucia,sevilla,clubnatacionpedrera
larioja,larioja,clubnatacionrivalia
andalucia,sevilla,clubnatacionsanjuan
regiondemurcia,murcia,clubnatacionthiarhoradada
islasbaleares,baleares,clubnataciontriswim
paisvasco,alava,clubnatacionurdantza
comunidadforaldenavarra,navarra,clubnatacionurederra
paisvasco,vizcaya,clubnatacionzurkidezalla
comunidadvalenciana,alicante,clubnatacioondara
catalunya,barcelona,clubnatacioradikalswim
catalunya,girona,clubnatacioswimfastersalt
catalunya,barcelona,clubnataciovalldoreix
comunidadvalenciana,valencia,clubnougodellanatacion
andalucia,sevilla,clubpetancagines
andalucia,malaga,clubsaltostrampolincostadelsol
comunidaddemadrid,madrid,clubsanagustin
galicia,acoruña,clubsincroferrol
,,clubsincronizadalorca
,,clubsocturisnatacio
,,clubtpnsafor-gandia
comunidadvalenciana,valencia,clubtriatlonhuracanvalencia
castillayleon,valladolid,clubtritor-triatlontordesillas
castilla-lamancha,guadalajara,clubvelociraptor
regiondemurcia,murcia,clubwaterpolocarthago
comunidadvalenciana,alicante,clubwaterpoloelx
,,clubwaterpoloireguavillamediana
comunidadvalenciana,valencia,clubwaterpolomorvedre
regiondemurcia,murcia,clubwaterpolomurcia
andalucia,malaga,clubwaterpoloronda
regiondemurcia,murcia,clubwaterpolosanjavier
islasbaleares,baleares,clubwaterpolosantjosep
castilla-lamancha,ciudadreal,clubwaterpolotomelloso
extremadura,caceres,cn.caceresdelfines
canarias,laspalmas,cn.fainaguac.telde
galicia,ourense,cn.gimnasioolimpia
,,cn.lavalld'albaida
comunidaddemadrid,madrid,cn.marlinsmoratalaz
galicia,pontevedra,cn.masterponsvetus
galicia,lugo,cn.monfortedelemos
islasbaleares,baleares,cn.palmademallorca
catalunya,barcelona,cn.pinetonscardedeu
castilla-lamancha,ciudadreal,cn.puertollanouni.
canarias,laspalmas,cn.salinassta.lucia
catalunya,barcelona,cn.santjustdesvern
castilla-lamancha,toledo,cnmastertorrijos
castilla-lamancha,toledo,cns.sªmªbenquerencia
castilla-lamancha,guadalajara,cnsarriaca
castilla-lamancha,toledo,cnugena
andalucia,cordoba,cordobaswimming
andalucia,sevilla,coria
comunidadvalenciana,castellon,cst-cstcostaazahar
catalunya,barcelona,ctro.dpt.barceloneta
comunidadvalenciana,castellon,cult.dep.castellon
catalunya,barcelona,cn.santjustdesvern
castilla-lamancha,toledo,cnmastertorrijos
castilla-lamancha,toledo,cns.sªmªbenquerencia
castilla-lamancha,guadalajara,cnsarriaca
castilla-lamancha,toledo,cnugena
andalucia,cordoba,cordobaswimming
andalucia,sevilla,coria
comunidadvalenciana,castellon,cst-cstcostaazahar
catalunya,barcelona,ctro.dpt.barceloneta
comunidadvalenciana,castellon,cult.dep.castellon
catalunya,tarragona,cvplatjallargatarragona
paisvasco,vizcaya,d.n.portugalete
castilla-lamancha,albacete,delegacionalbacete
andalucia,almeria,delegacionalmeriensedenatacion
comunidadvalenciana,castellon,delegacioncastellon
andalucia,cordoba,delegacioncordobesadenatacion
galicia,acoruña,delegaciondacoruña
galicia,acoruña,delegaciondeartistica
galicia,acoruña,delegaciondecarballo
galicia,acoruña,delegaciondeferrol
catalunya,tarragona,cvplatjallargatarragona
paisvasco,vizcaya,d.n.portugalete
castilla-lamancha,albacete,delegacionalbacete
andalucia,almeria,delegacionalmeriensedenatacion
comunidadvalenciana,castellon,delegacioncastellon
andalucia,cordoba,delegacioncordobesadenatacion
galicia,acoruña,delegaciondacoruña
galicia,acoruña,delegaciondeartistica
galicia,acoruña,delegaciondecarballo
galicia,acoruña,delegaciondeferrol
galicia,lugo,delegaciondelugo
galicia,ourense,delegaciondeourense
galicia,pontevedra,delegaciondepontevedra
galicia,pontevedra,delegaciondevigo
galicia,acoruña,delegaciondewater-polo
andalucia,cadiz,delegaciongaditanadenatacion
andalucia,granada,delegaciongranadinadenatacion
castilla-lamancha,guadalajara,delegacionguadalajara
andalucia,jaen,delegacionjienensedenatacion
andalucia,malaga,delegacionmalagueñadenatacion
andalucia,huelva,delegaciononubensedenatacion
andalucia,sevilla,delegacionsevillananatacion
andalucia,sevilla,delfindoshermanas
comunidadvalenciana,valencia,dep.univ.i.v.e.f
andalucia,cadiz,dkvclubnatacionjerez
islasbaleares,baleares,duettri-bikes
castilla-lamancha,toledo,e.c.ciudaddetalavera
principadodeasturias,asturias,e.d.delprincipado
cantabria,cantabria,e.d.m.santoña
comunidadforaldenavarra,navarra,e.d.oberena
catalunya,barcelona,e.e.llor
comunidadforaldenavarra,navarra,e.generalmola
andalucia,sevilla,e.m.camas
aragon,zaragoza,e.m.elolivar
andalucia,cadiz,e.m.jerez
castillayleon,leon,e.m.n.astorga
andalucia,jaen,e.m.n.jaen
comunidadforaldenavarra,navarra,e.m.n.villava
andalucia,sevilla,e.n.alfareria
principadodeasturias,asturias,e.n.corvera
comunidaddemadrid,madrid,e.n.joyfe
castillayleon,leon,e.n.leon
castillayleon,salamanca,e.n.salamanca
cantabria,cantabria,e.n.santander
galicia,pontevedra,e.n.vigo
paisvasco,vizcaya,e.n.vizcaya
galicia,pontevedra,e.navalmilitar
castillayleon,palencia,e.palentinan.
comunidadforaldenavarra,navarra,echavacoizs.d.c.
paisvasco,guipuzcoa,eibarigerixan
extremadura,caceres,elperucacereswellness
paisvasco,guipuzcoa,ereintzaelkartea
galicia,acoruña,esc.nat.betanzos
castillayleon,avila,esc.nat.deavila
castillayleon,burgos,esc.nat.deburgos
castillayleon,soria,esc.nat.desoria
castilla-lamancha,toledo,esc.nat.talaverana
castillayleon,zamora,esc.nat.zamora
castillayleon,burgos,esc.polid.burgalesa
aragon,zaragoza,esc.wat.zaragoza
cantabria,cantabria,escueladeportivaorlando
canarias,laspalmas,esnalanzarote
RFEN,,españa
RFEN,,españajunior
islasbaleares,baleares,esportsaquaticssollerwp
paisvasco,vizcaya,euskadicohoberenak
catalunya,barcelona,f.c.barcelona
catalunya,barcelona,f.c.martinenc
catalunya,girona,f.d.casanense
,,f.p.santgervasi
andalucia,cordoba,fed.andalucia
catalunya,lleida,fed.andorrana
aragon,zaragoza,fed.aragonesa
principadodeasturias,asturias,fed.asturias
cantabria,cantabria,fed.cantabria
castillayleon,valladolid,fed.castilla-leonnatacion
castilla-lamancha,albacete,fed.castillla-lamancha
catalunya,barcelona,fed.cataluña
ceuta,ceuta,fed.ceuta
comunidadvalenciana,valencia,fed.comunidadvalenciana
extremadura,caceres,fed.extremadura
galicia,acoruña,fed.galicia
islasbaleares,baleares,fed.islasbaleares
larioja,larioja,fed.larioja
comunidaddemadrid,madrid,fed.madrid
melilla,melilla,fed.melilla
comunidadforaldenavarra,navarra,fed.navarra
paisvasco,vizcaya,fed.paisvasco
regiondemurcia,murcia,fed.regiondemurcia
canarias,laspalmas,federacioncanariadenatacion
catalunya,barcelona,fundacionclaror
castillayleon,valladolid,g.e.fasarenault
catalunya,girona,g.e.ie.g.
comunidaddemadrid,madrid,g.madridsports
andalucia,sevilla,g.n.sevilla2004
paisvasco,vizcaya,galdakaoi.t.
paisvasco,vizcaya,gernika-kosnoagai.t.
paisvasco,vizcaya,getxoigeriketaboluek.e.
galicia,pontevedra,golfiñosc.n.porriño
andalucia,granada,granadaclubdefutbol
catalunya,barcelona,grupoempresaseat
castilla-lamancha,guadalajara,guadalajarac.n.
castilla-lamancha,guadalajara,guadalajaraswimming
paisvasco,guipuzcoa,guipuzcoa
aragon,zaragoza,h2ogoc.n.
paisvasco,guipuzcoa,hernanikirole.
galicia,pontevedra,hogardelpescador
islasbaleares,baleares,ibizamastersnatacion
paisvasco,guipuzcoa,igartzai.k.e.
paisvasco,guipuzcoa,kairoscore
comunidadvalenciana,alicante,kzmswimmingteam
galicia,pontevedra,l.m.villagarcia
andalucia,cadiz,lasalle-buenpastor
paisvasco,guipuzcoa,lasarteigerie.
paisvasco,vizcaya,lauroikastola
paisvasco,alava,lautadaup
paisvasco,vizcaya,leioai.t.
regiondemurcia,murcia,leverade
andalucia,cadiz,linensetenisc.
andalucia,sevilla,loradelrio
comunidaddemadrid,madrid,madridn.c.
islasbaleares,baleares,mallorcawaterpoloclub
catalunya,barcelona,manyanetc.n.
catalunya,barcelona,marnaton
comunidadvalenciana,valencia,martisorollacoop.v.
castilla-lamancha,ciudadreal,masternataciontomelloso
castilla-lamancha,toledo,mastertoledo3culturas
regiondemurcia,murcia,molinan.c.
castillayleon,leon,n.casadeasturias
catalunya,barcelona,nataciojoanpelegri
andalucia,sevilla,"natacionsevillamaster,c.d."
andalucia,cordoba,navial
cantabria,cantabria,nojagoldenbeach
castillayleon,valladolid,o.n.c.e.cast.-leon
paisvasco,guipuzcoa,oarsoaldeaigeriketakirolelkartea
paisvasco,vizcaya,ondarruigeritaldea
paisvasco,guipuzcoa,ordiziak.e.
andalucia,jaen,p.a.andujar
castilla-lamancha,toledo,p.d.m.toledo
aragon,teruel,p.m.d.alcañiz
catalunya,barcelona,p.s.familia-horta
aragon,zaragoza,p.sanagustin
catalunya,barcelona,"piri,aecevilassardemar"
,,portugal
cantabria,cantabria,pretiumribamontanswimclub
castilla-lamancha,ciudadreal,puertollanoatletico
castillayleon,leon,r.aeroclubdeleon
galicia,lugo,r.aeroclubdelugo
paisvasco,vizcaya,r.c.jolaseta
andalucia,malaga,r.c.mediterraneo
galicia,pontevedra,r.c.n.vigo
canarias,santacruzdetenerife,r.c.naut.tenerife
andalucia,cadiz,r.c.nautico
andalucia,granada,r.c.nauticodemotril
andalucia,cadiz,r.c.nauticolalinea
principadodeasturias,asturias,r.c.nauticosalinas
andalucia,sevilla,r.c.pinedadesevilla
comunidadvalenciana,alicante,r.c.regatas
paisvasco,guipuzcoa,r.c.tenis
andalucia,sevilla,r.circulolabradores
,,r.f.e.n.
principadodeasturias,asturias,r.g.c.covadonga
comunidaddemadrid,madrid,race
islasbaleares,baleares,rafanadalcentertennisclub
comunidaddemadrid,madrid,realcanoen.c.
canarias,laspalmas,realclubvictoria
galicia,acoruña,realsocidadd.hipica
comunidadforaldenavarra,navarra,riberamediac.n.
galicia,pontevedra,s.a.redondela
catalunya,barcelona,s.a.suria
